{
  "Site": {
    "Shikichi": [
      [ -46814.115941, -146956.956745 ],
      [ -46848.121736, -146956.969027 ],
      [ -46851.321004, -146960.434322 ],
      [ -46853.738149, -147020.409248 ],
      [ -46850.792337, -147021.749037 ],
      [ -46815.722751, -147022.820509 ],
      [ -46814.115941, -146956.956745 ]
    ],
    "Neighbor_Boundary": [
      [
        [ -46814.115941, -146956.956745 ],
        [ -46815.722751, -147022.820509 ]
      ]
    ],
    "Road_Boundary": [
      [
        [ -46814.115941, -146956.956745 ],
        [ -46848.121736, -146956.969027 ]
      ],
      [
        [ -46848.121736, -146956.969027 ],
        [ -46851.321004, -146960.434322 ]
      ],
      [
        [ -46851.321004, -146960.434322 ],
        [ -46853.738149, -147020.409248 ]
      ],
      [
        [ -46853.738149, -147020.409248 ],
        [ -46850.792337, -147021.749037 ]
      ],
      [
        [ -46850.792337, -147021.749037 ],
        [ -46815.722751, -147022.820509 ]
      ]
    ],
    "Opposite_Road_Boundary": [
      [
        [ -46849.444323, -146936.720098 ],
        [ -46849.750312, -146946.855057 ],
        [ -46845.647618, -146950.942814 ],
        [ -46814.642296, -146950.329910 ]
      ],
      [
        [ -46857.972693, -146937.015707 ],
        [ -46858.307429, -146947.797531 ],
        [ -46860.840076, -146950.311095 ],
        [ -46870.946684, -146950.629487 ]
      ],
      [
        [ -46871.591352, -146957.281188 ],
        [ -46860.826251, -146957.613152 ],
        [ -46857.662180, -146961.079946 ],
        [ -46861.139471, -147019.293314 ],
        [ -46865.582986, -147022.166894 ],
        [ -46873.802870, -147021.847854 ]
      ],
      [
        [ -46874.265516, -147032.752268 ],
        [ -46866.171166, -147032.731759 ],
        [ -46861.738334, -147036.975250 ],
        [ -46862.125703, -147048.095715 ]
      ],
      [
        [ -46856.678606, -147048.092565 ],
        [ -46855.665043, -147033.955892 ],
        [ -46852.647204, -147031.136689 ],
        [ -46809.385328, -147032.958358 ]
      ],
      [
        [ -46813.834866, -146956.742500 ],
        [ -46804.927190, -146956.941735 ]
      ],
      [
        [ -46815.037711, -147023.255326 ],
        [ -46805.137150, -147023.428787 ]
      ]
    ],
    "North_Angle": 0
  }
}	
